item_name,description,github,gist,gitlab,bitbucket,launchpad,twitter,youtube,blogpost,cran,pypi,codeberg,website,publication,DOI,author1_name,author2_name,author3_name,author4_name,author5_name,author6_name,category,platform,tag1,tag2,tag3,tag4,tag5,notes,internetarchive
AncientMetagenomeDir,Repository containing lists of all published ancient metagenome samples (and related).,https://github.com/SPAAM-community/AncientMetagenomeDir,,,,,,,,,,,,,,SPAAM-community,,,,,,Lists and datasets,,Archaeogenetics,Palaeobotany,Lists,,,,https://archive.org/details/github.com-SPAAM-community-AncientMetagenomeDir_-_2021-02-02_19-45-27
arches,"Arches is a web platform for creating, managing, & visualizing geospatial data. Arches was inspired by the needs of the Cultural Heritage community, particularly the widespread need of organizations to build & manage cultural heritage inventories.",https://github.com/archesproject/arches,,,,,,,,,,,https://www.archesproject.org/,,,archesproject,,,,,,Standalone software,,Data management,,,,,,https://archive.org/details/github.com-archesproject-arches_-_2021-02-04_04-54-27
Potential datasets for PhD projects,A Google Doc with different archaeological and anthropological datasets and resources for students who need to make changes to their project due to COVID-19,,,,,,,,,,,,https://docs.google.com/document/d/1BuIJ0ZXzzh838qvMOu59dLCCEz9xE3JnC76oHN-kMTU/edit,,,Taryn Bell,,,,,,Lists and datasets,,Lists,,,,,,
ADMUR,"Tools to directly model underlying population dynamics using chronological datasets (radiocarbon and other) with a variety of models, including Continuous Piecewise Linear (CPL) model framework, and model comparison framework using BIC. Package also calibrates 14C samples, and generates Summed Probability Distributions (SPD). CPL modelling directly estimates the most likely population trajectory given a dataset, using SPD simulation analysis to generate a Goodness-of-fit test for the best selected model.",https://github.com/UCL/ADMUR,,,,,,,,,,,,https://royalsocietypublishing.org/doi/10.1098/rstb.2019.0723,10.1098/rstb.2019.0723,Adrian Timpson,Ramiro Barberena,Mark G. Thomas,César Méndez,Katie Manning,,Packages and libraries,R,Chronological modelling,,,,,,https://archive.org/details/github.com-UCL-ADMUR_-_2021-01-27_11-48-18
Classical and ancient Linked Open Data,A list of linked open data repositories relating to classics and ancient history.,,,,,,,,,,,,https://docs.google.com/spreadsheets/d/1aAssGGswX2WNMllV4kMYexBGS8miCywbW5XdcIeE22c/edit#gid=1033348216,,,Gabriel Bodard,Paula Granados García,Sarah Middle,Elton Barker,,,Lists and datasets,,Lists,Datasets,,,,,
ODK-forms-archaeology,Forms for the Open Data Kit mobile data collection app.,https://github.com/isaacullah/ODK-forms-archaeology,,,,,,,,,,,,,,isaacullah,,,,,,Packages and libraries,Open Data Kit,Templates,Data collection,,,,,https://archive.org/details/github.com-isaacullah-ODK-forms-archaeology_-_2021-01-11_23-33-22
harris-matrix-data-package,A Data Package specification for archaeological stratigraphy data following the Harris Matrix convention.,,,,,,,,,,,https://codeberg.org/steko/harris-matrix-data-package,,,,steko,,,,,,"Specifications, protocols and schemas",,Harris matrix,Schemas and ontologies,,,,,https://archive.org/details/codeberg.org-steko-harris-matrix-data-package_-_2020-03-04_22-46-43
Fix-exif-artist,Fix the Exif.Image.Artist tag based on user input depending from the camera model. Useful if you have a bunch of photographs from different people all mixed up.,,,,,,,,,,,https://codeberg.org/steko/fix-exif-artist,,,,steko,,,,,,Scripts,Python,Bits and bobs,,,,,,https://archive.org/details/codeberg.org-steko-fix-exif-artist_-_2020-03-25_20-46-58
tridas,"TRiDaS is a universal data exchange standard for the dendrochronology community. This project contains the data standard itself as well as libraries and tools useful for reading, writing and converting dendro data files.",,,,,,,,,,,https://codeberg.org/steko/tridas,https://sourceforge.net/projects/tridas/,,,steko,,,,,,"Specifications, protocols and schemas",,Schemas and ontologies,Dendrochronology,,,,,https://archive.org/details/codeberg.org-steko-tridas_-_2020-02-10_16-10-11
expotime,What is the correlation between the exposure time of your photographs and the time of the day?,,,,,,,,,,,https://codeberg.org/steko/expotime,,,,steko,,,,,,Scripts,Python,Photography,,,,,,https://archive.org/details/codeberg.org-steko-expotime_-_2020-08-08_08-20-45
zoolog,Manipulate log-ratios (also known as log size index (LSI) values) from measurements obtained on zooarchaeological material.,https://github.com/josempozo/zoolog,,,,,,,,https://cran.r-project.org/package=zoolog,,,https://josempozo.github.io/zoolog/,,,josempozo,Silvia Valenzuela-Lamas,Angela Trentacoste,Ariadne Nieto-Espinet,Silvia Guimarães Chiarelli,,Packages and libraries,R,Zooarchaeology,,,,,,https://archive.org/details/github.com-josempozo-zoolog_-_2021-02-25_14-11-16
iconr,"Set of formal methods for studying archaeological iconographic datasets (rock-art, pottery decoration, stelae, etc.) using network and spatial analysis.",https://github.com/zoometh/iconr,,,,,,,,,,,https://zoometh.github.io/iconr/articles/index.html,,,zoometh,josempozo,Craig Alexander,,,,Packages and libraries,R,Iconography,,,,,,https://archive.org/details/github.com-zoometh-iconr_-_2021-03-01_18-06-08
heurist,"A web-based data management infrastructure that allows researchers to design, create, manage, analyse and publish their own richly-structured database(s) through a simple web interface, without the need for programmers or consultants.",https://github.com/HeuristNetwork/heurist,,,,,,,,,,,http://heuristnetwork.org/,,,HeuristNetwork,,,,,,Standalone software,,Data management,,,,,,https://archive.org/details/github.com-HeuristNetwork-heurist_-_2021-03-01_11-18-04
anthropmmd,"An R package for Smith's Mean Measure of Divergence (MMD), with a graphical user interface, facilities for trait selection and graphical representations.",https://github.com/frederic-santos/anthropmmd,,,,,,,,,,,,,10.1002/ajpa.23336,frederic-santos,,,,,,Packages and libraries,R,Cultural evolution,Statistical analysis,,,,,https://archive.org/details/github.com-frederic-santos-anthropmmd_-_2020-09-22_11-43-32
rdss,An R package to facilitate the use of Murail et al.'s (1999) approach of sex estimation in past populations.,https://github.com/frederic-santos/rdss,,,,,,,,,,,,,10.1002/oa.2957,frederic-santos,,,,,,Packages and libraries,R,Cultural evolution,Statistical analysis,,,,,https://archive.org/details/github.com-frederic-santos-rdss_-_2021-01-21_10-05-28
3D-ORGAN,3D reconstruction of incomplete archaeological objects using a generative adversarial network (GAN).,https://github.com/renato145/3D-ORGAN,,,,,,,,,,,,https://dl.acm.org/doi/abs/10.1145/3208159.3208173,10.1145/3208159.3208173,Renato Hermoza,Ivan Sipiran,,,,,Scripts,Python,3D modelling,,,,,,https://archive.org/details/github.com-renato145-3D-ORGAN_-_2020-02-20_02-43-58
map-of-Ancient-Egypt,Known pyramids of Ancient Egypt using python + OpenStreetMap.,https://github.com/LSIND/map-of-Ancient-Egypt,,,,,,,,,,,,,,LSIND,,,,,,Lists and datasets,,Datasets,,,,,,https://archive.org/details/github.com-LSIND-map-of-Ancient-Egypt_-_2020-02-08_23-45-07
unstruwwel,Detect and Parse Historic Dates in R.,https://github.com/stefanieschneider/unstruwwel,,,,,,,,,,,,,,stefanieschneider,,,,,,Packages and libraries,R,Chronological modelling,,,,,,https://archive.org/details/github.com-stefanieschneider-unstruwwel_-_2021-01-20_07-46-30
MAX,An online tool for the comparative analysis of museum databases.,https://github.com/stefanieschneider/MAX,,,,,,,,,,,https://www.max.gwi.uni-muenchen.de/,,,stefanieschneider,Hubertus Kohle,Severin Burg,Helmut Küchenhoff,,,Standalone software,,Museums,,,,,,https://archive.org/details/github.com-stefanieschneider-MAX_-_2020-10-20_11-38-03
HumanOS,A mobile application for the intuitive recording of human bones from archaeological sites.,,,,,,,,,,,,https://www.humanos.cnrs.fr/,https://polipapers.upv.es/index.php/var/article/view/13422,10.4995/var.2020.13422,Rozenn Colleter,Jean-Baptiste Romain,Jean-Baptiste Barreau,,,,Packages and libraries,Mobile app,Zooarchaeology,Data management,,,,,
ArchAIDE,Tool for the automatic recognition of archaeological pottery.,https://github.com/barak-itkin/archaide-software,,,,,,,,,,,http://www.archaide.eu/,,,barak-itkin,,,,,,Standalone software,,Shape recognition,Ceramic analysis,,,,,https://archive.org/details/github.com-barak-itkin-archaide-software_-_2021-02-27_14-51-52
Archaeo-Term,Multilingual glossary designed to enhance access to archaeological data.,,,,,,,,,,,,https://docs.google.com/spreadsheets/d/1KYh9UUZTsc7BWfXh7YTqQqRz84cnJl3Y/edit#gid=802915297,https://unora.unior.it/handle/11574/195235,,Johanna Monti,Maria Pia di Buono,Giulia Speranza,Raffaele Manna,,,"Specifications, protocols and schemas",,Schemas and ontologies,,,,,,
c14,R package for tidy radiocarbon data.,https://github.com/joeroe/c14,,,,,,,,,,,https://c14.joeroe.io,,,joeroe,,,,,,Packages and libraries,R,"Radiocarbon dating, calibration and sequencing",,,,,,https://archive.org/details/github.com-joeroe-c14_-_2021-05-06_14-30-31
piwigo-3dhop,Piwigo plugin for viewing 3D models using 3DHOP.,https://github.com/joeroe/piwigo-3dhop,,,,,,,,,,,,,,joeroe,,,,,,Packages and libraries,Piwigo,3D modelling,,,,,,https://archive.org/details/github.com-joeroe-piwigo-3dhop_-_2020-08-12_12-09-51
rpaleoclim,R interface for open paleoclimate data.,https://github.com/joeroe/rpaleoclim,,,,,,,,https://cran.r-project.org/package=rpaleoclim,,,https://rpaleoclim.joeroe.io,,,joeroe,,,,,,Packages and libraries,R,API interfaces and web scrapers,Palaeoclimate modelling,,,,,https://archive.org/details/github.com-joeroe-rpaleoclim_-_2019-10-03_11-01-37
tavo-a27,"Ancient animal occurrence data from Uerpmann 1987, *The Ancient Distribution of Ungulate Mammals in the Middle East*, TAVO A27.",https://github.com/joeroe/tavo-a27,,,,,,,,,,,,,10.5281/zenodo.3362929,joeroe,,,,,,Lists and datasets,,Datasets,Palaeobotany,,,,,https://archive.org/details/github.com-joeroe-tavo-a27_-_2019-10-01_07-38-25
baydem,Bayesian tools for reconstructing past demography.,https://github.com/eehh-stanford/baydem,,,,,,,,,,,https://eehh-stanford.github.io/baydem/,,,MichaelHoltonPrice,bocinsky,,,,,Packages and libraries,R,"Radiocarbon dating, calibration and sequencing",Palaeobotany,,,,,https://archive.org/details/github.com-eehh-stanford-baydem_-_2021-04-09_19-24-36
allen-relations,Allen relations from Bayesian calibration: R function to compare two indefinite intervals produced by a Bayesian calibration using the Allen algebra.,https://github.com/tsdye/allen-relations,,,,,,,http://tsdye.online/tsdye/posts/allen-relations/,,,,,,,tsdye,,,,,,Packages and libraries,R,Chronological modelling,,,,,,https://archive.org/details/github.com-tsdye-allen-relations_-_2019-07-07_02-55-15
oxcAAR,A collection of functions that can be used to execute OxCal from within R.,https://github.com/ISAAKiel/oxcAAR,,,,,,,,,,,,,,MartinHinz,nevrome,dakni,ctietze91,,,Packages and libraries,R,"Radiocarbon dating, calibration and sequencing",Chronological modelling,,,,,https://archive.org/details/github.com-ISAAKiel-oxcAAR_-_2021-07-05_16-54-08
cTransmission,An Approximate Bayesian Computation Framework for inferring patterns of cultural transmission from frequency data.,https://github.com/ercrema/cTransmission,,,,,,,,,,,,,,ercrema,Anne Kandler,,,,,Packages and libraries,R,Statistical analysis,Cultural evolution,,,,,https://archive.org/details/github.com-ercrema-cTransmission_-_2020-05-14_17-43-37
nimbleCarbon,The nimbleCarbon package provides utility functions and bespoke probability distributions for the Bayesian analyses of radiocarbon dates using the NIMBLE framework. The package is particularly dedicated to demographic inferences based on changing frequencies of radiocarbon dates.,https://github.com/ercrema/nimbleCarbon,,,,,,,,,,,,,,ercrema,,,,,,Packages and libraries,R,"Radiocarbon dating, calibration and sequencing",,,,,,https://archive.org/details/github.com-ercrema-nimbleCarbon_-_2021-06-17_15-27-15
neiman1995,R Shiny Document - Visualizing model functions in Neimans 'Stylistic variation in evolutionary perspective' with an interactive document.,https://github.com/nevrome/neiman1995,,,,,,,,,,,https://nevrome.shinyapps.io/neiman1995,,,nevrome,,,,,,Scripts,R,Educational resources and practical guides,Cultural evolution,,,,,https://archive.org/details/github.com-nevrome-neiman1995_-_2018-09-15_12-51-43
skyscapeR,"An R package for data reduction, visualization and analysis in skyscape archaeology, archaeoastronomy and cultural astronomy.",https://github.com/f-silva-archaeo/skyscapeR,,,,,,,,,,,,,,f-silva-archaeo,,,,,,Packages and libraries,R,Archaeoastronomy,,,,,,https://archive.org/details/github.com-f-silva-archaeo-skyscapeR_-_2020-02-27_14-52-38
fastmaRching,"An R implementation of the Fast Marching Method (FMM), first developed by Sethian (1996), with the modifications of Silva and Steele (2012, 2014). Also included is a spatial wrapper function that makes it easier to model dispersal scenarios in geospatial domains, as originally envisaged for the study and simulation of prehistoric dispersals",https://github.com/f-silva-archaeo/fastmaRching,,,,,,,,https://cran.r-project.org/package=fastmaRching,,,,https://doi.org/10.1016/j.jas.2014.04.021,10.5281/zenodo.1204397,f-silva-archaeo,,,,,,Packages and libraries,R,Spatial analysis,,,,,,https://archive.org/details/github.com-f-silva-archaeo-fastmaRching_-_2019-09-05_11-20-15
aDRAC,"The Archive des datations radiocarbones d'Afrique centrale (archive for radiocarbon datings from Central Africa, aDRAC) provides a catalogue of available radiocarbon dates from Central Africa. The data cover published radiocarbon dates and essential metadata for each date as well as available references.",https://github.com/dirkseidensticker/aDRAC,,,,,,,,,,,,,,dirkseidensticker,,,,,,Lists and datasets,,Datasets,"Radiocarbon dating, calibration and sequencing",,,,,https://archive.org/details/github.com-dirkseidensticker-aDRAC_-_2021-05-20_10-57-33
seriation,"R package that provides the infrastructure for ordering objects with an implementation of several seriation/sequencing/ordination techniques to reorder matrices, dissimilarity matrices, and dendrograms (see below for a full list). Also provides (optimally) reordered heatmaps, color images and clustering visualizations like dissimilarity plots, and visual assessment of cluster tendency plots (VAT and iVAT).",https://github.com/mhahsler/seriation,,,,,,,,https://cran.r-project.org/package=seriation,,,,,,mhahsler,Christian Buchta,Kurt Hornik,Fionn Murtagh,"Michael Brusco, Stephanie Stahl, and Hans-Friedrich Koehn",,Packages and libraries,R,Statistical analysis,Seriation,,,,,https://archive.org/details/github.com-mhahsler-seriation_-_2021-06-30_17-19-23
bleiglas,"An R package that provides functions for 3D tessellation with Voro++ and subsequent horizontal cutting of the resulting polygons for 2D plotting. It was developed for archaeological spatiotemporal data, but may as well be used for other three dimensional contexts.",https://github.com/nevrome/bleiglas,,,,,,,,,,,,https://doi.org/10.21105/joss.03092,,nevrome,stschiff,,,,,Packages and libraries,R,Spatial analysis,3D modelling,,,,,https://archive.org/details/github.com-nevrome-bleiglas_-_2021-04-10_13-49-19
CalPal-Database,CalPal 14C-Database created by Bernhard Weninger (Universität zu Köln) as part of the CalPal software package. This repository serves as an interface to access the data more easily.,https://github.com/nevrome/CalPal-Database,,,,,,,,,,,,,,nevrome,,,,,,Lists and datasets,,Datasets,"Radiocarbon dating, calibration and sequencing",,,,,https://archive.org/details/github.com-nevrome-CalPal-Database_-_2020-08-30_12-27-59
neolithicR,"Shiny app to search and filter radiocarbon dates from various source databases, based on the R package c14bazAAR.",https://github.com/nevrome/neolithicR,,,,,,,,,,,https://www.neolithicrc.de,,,nevrome,dirkseidensticker,,,,,Scripts,R,API interfaces and web scrapers,"Radiocarbon dating, calibration and sequencing",,,,,https://archive.org/details/github.com-nevrome-neolithicR_-_2019-11-18_08-37-30
idaifieldR,The goal of idaifieldR is to flexibly get data from the idaifield database into R. ,https://github.com/lsteinmann/idaifieldR,,,,,,,,,,,,,,lsteinmann,,,,,,Packages and libraries,R,API interfaces and web scrapers,,,,,,https://archive.org/details/github.com-lsteinmann-idaifieldR_-_2021-04-13_16-34-48
iDAI.field,"The German Archaeological Institute's (DAI) new take on a field research documentation system. Combining features of GIS, photo management, and database management systems in a unique and integrating manner, it aims at facilitating archaeological workflows by reducing the overhead of using multiple systems. Developed in-house by the DAI's information technology department, it targets primarily the needs of the institute's excavations, older ones as well as those to come. Yet, due to the nature of its adjustable data model and the fact it is open source software, any interested third party is free to reuse and adjust it to their needs.",https://github.com/dainst/idai-field,,,,,,,,,,,https://field.dainst.org/#/,,,daiinst,,,,,,Standalone software,,Data management,,,,,,https://archive.org/details/github.com-dainst-idai-field_-_2021-07-06_16-20-43
datplot,"Converting date ranges into dating 'steps' eases the visualization of changes in e.g. pottery consumption, style and other variables over time. This package provides tools to process and prepare data for visualization.",https://github.com/lsteinmann/datplot,,,,,,,,,,,,,,lsteinmann,Barbora Weissova,,,,,Packages and libraries,R,Chronological modelling,,,,,,https://archive.org/details/github.com-lsteinmann-datplot_-_2021-06-26_14-24-43
aoristic,R package for aoristic analysis; the goal of aoristic is to make sense of temporally vague data.,https://github.com/jerryratcliffe/aoristic,,,,,,,,https://cran.r-project.org/package=aoristic,,,,,,jerryratcliffe,,,,,,Packages and libraries,R,Chronological modelling,,,,,,https://archive.org/details/github.com-jerryratcliffe-aoristic_-_2021-01-31_22-30-35
outliner,A simple app for tracing outlines of an irregular shape and exporting the coordinates of the outline.,https://github.com/benmarwick/outliner,,,,,,,,,,,,,,benmarwick,,,,,,Packages and libraries,R,Artefact morphology,,,,,,https://archive.org/details/github.com-benmarwick-outliner_-_2021-01-31_08-26-33
outlineR,An R package to derive outline shapes from (multiple) artefacts on JPEG images.,https://github.com/yesdavid/outlineR,,,,,,,,,,,,,10.5281/zenodo.4527470,yesdavid,,,,,,Packages and libraries,R,Artefact morphology,,,,,,https://archive.org/details/github.com-yesdavid-outlineR_-_2021-06-18_18-20-24
THANADOS,"An open source, web application for the presentation of archaeological data especially for burial studies.",https://github.com/stefaneichert/thanados,,,,,,,,,,,https://thanados.net/,,,stefaneichert,,,,,,Standalone software,,API interfaces and web scrapers,Data management,,,,,https://archive.org/details/github.com-stefaneichert-thanados_-_2021-06-29_09-29-29
swapdata,A collection of archaeological datasets and tools related to the prehistory of Southwest Asia.,https://github.com/joeroe/swapdata,,,,,,,,,,,,,,joeroe,,,,,,Lists and datasets,,Datasets,,,,,,https://archive.org/details/github.com-joeroe-swapdata_-_2021-03-25_14-55-43
c14-laboratory-code,List of all past and present radiocarbon laboratory codes known to have been used in published references.,https://github.com/letreiro/c14-laboratory-code,,,,,,,,,,,,,,letreiro,,,,,,Lists and datasets,,Datasets,"Radiocarbon dating, calibration and sequencing",,,,,https://archive.org/details/github.com-letreiro-c14-laboratory-code_-_2021-04-15_03-11-35
rapanui-radiocarbon,A repository of radiocarbon data for Rapa Nui.,https://github.com/clipo/rapanui-radiocarbon,,,,,,,,,,,,,,clipo,rdinapoli,,,,,Lists and datasets,,Datasets,"Radiocarbon dating, calibration and sequencing",,,,,https://archive.org/details/github.com-clipo-rapanui-radiocarbon_-_2021-03-31_17-01-02
Git-to-the-Point,An open call to edit and revise current typological assignments and attributes associated with diagnostic artifacts found across the National Forests and Grasslands in Texas (NFGT).,https://github.com/aksel-blaise/git-to-the-point,,,,,,,,,,,,,,aksel-blaise,,,,,,Lists and datasets,,Schemas and ontologies,,,,,,https://archive.org/details/github.com-aksel-blaise-git-to-the-point_-_2020-01-24_17-25-26
caddonet,Peer reviewed and indexed articles published on Caddo archaeology since 2000.,https://github.com/aksel-blaise/caddonet,,,,,,,,,,,https://aksel-blaise.github.io/caddonet/,,,aksel-blaise,,,,,,Standalone software,,Datasets,Bibliography,,,,,https://archive.org/details/github.com-aksel-blaise-caddonet_-_2020-04-03_11-10-46
Seriation,"Algorithms, implementations, manuscripts, and test cases for iterative deterministic frequency seriation done by agglomeration.",https://github.com/clipo/Seriation,,,,,,,,,,,,,,clipo,,,,,,Packages and libraries,R,Statistical analysis,Seriation,,,,,https://archive.org/details/github.com-clipo-Seriation_-_2015-04-07_22-44-25
OpenAtlas,"An open source, web based database system for complex archaeological, historical and geospatial data.",https://github.com/craws/OpenAtlas,,,,,,,,,,,https://openatlas.eu/,,,CRAWS,,,,,,Standalone software,,Data management,,,,,,https://archive.org/details/github.com-craws-OpenAtlas_-_2021-06-25_15-15-38
statuAAR,Estimation of human stature from long bone measurements according to several well established estimation formula.,https://github.com/ISAAKiel/statuAAR,,,,,,,,,,,,,,chrinne,capsizingHR,AnKaLoy,FrankSiegmund,,,Packages and libraries,R,Archaeogenetics,,,,,,https://archive.org/details/github.com-ISAAKiel-statuAAR_-_2021-06-23_15-36-26
postAAR-python,Python implementation of postAAR.,https://github.com/ISAAKiel/postAAR-python,,,,,,,,,,,,,,chrinne,WerthersEchte,,,,,Packages and libraries,Python,Shape recognition,,,,,,https://archive.org/details/github.com-ISAAKiel-postAAR-python_-_2020-12-16_15-22-01
postAAR,"An automated process to detect buildings within large sets of postholes in multi-occupational sites, similar to the obsolete Windows-software ""posthole"" by Irwin Scollar.",https://github.com/ISAAKiel/postAAR,,,,,,,,,,,,,,nmueller18,chrinne,,,,,Packages and libraries,R,Shape recognition,,,,,,https://archive.org/details/github.com-ISAAKiel-postAAR_-_2019-05-06_12-38-44
nonekXML,Exchange data format (XML) for NoNeK (Nordmitteleuropäische Neolithische Keramik).,https://github.com/ISAAKiel/nonekXML,,,,,,,,,,,,,,MoritzMennenga,chrinne,,,,,"Specifications, protocols and schemas",,Schemas and ontologies,,,,,,https://archive.org/details/github.com-ISAAKiel-nonekXML_-_2020-03-04_16-27-25
lecAAR,"Tool for calculating the largest empty circles and estimation of archaeological sites theoretically to be expected in region of interest, an implementation of the method published by Andreas Zimmermann and Karl Peter Wendt (2003).",https://github.com/ISAAKiel/lecAAR,,,,,,,,,,,,,,yesdavid,nevrome,nmueller18,whamer,dakni,,Packages and libraries,R,Statistical analysis,Spatial analysis,,,,,https://archive.org/details/github.com-ISAAKiel-lecAAR_-_2019-07-29_12-28-26
dimensio,"Simple Principal Components Analysis (PCA) and Correspondence Analysis (CA) based on the Singular Value Decomposition (SVD). This package provides methods to compute, extract, summarize and visualize results of multivariate data analysis. It also includes methods for partial bootstrap validation.",https://github.com/tesselle/dimensio,,,,,,,,https://cran.r-project.org/package=dimensio,,,https://packages.tesselle.org/dimensio/,,10.5281/zenodo.4478530,tesselle,,,,,,Packages and libraries,R,Statistical analysis,,,,,,https://archive.org/details/github.com-tesselle-dimensio_-_2021-05-24_16-00-49
folio,Datasets for Teaching Archaeology and Palaeontology,https://github.com/tesselle/folio,,,,,,,,https://cran.r-project.org/package=folio,,,https://packages.tesselle.org/folio/,,10.5281/zenodo.4476182,tesselle,,,,,,Lists and datasets,R,Datasets,Educational resources and practical guides,,,,,https://archive.org/details/github.com-tesselle-folio_-_2021-05-24_16-01-32
yada,"yada, which stands for Yet Another Demographic Analysis package, supports a variety of demographic tasks, with most applications drawn from forensic anthroplogy and archaeology.",https://github.com/eehh-stanford/yada,,,,,,,,,,,https://eehh-stanford.github.io/yada/,,,MichaelHoltonPrice,,,,,,Packages and libraries,R,Archaeogenetics,,,,,,https://archive.org/details/github.com-eehh-stanford-yada_-_2020-06-15_00-23-18
paleocar,An R package implementing functions to perform spatio-temporal paleoclimate reconstruction from tree-rings using the CAR (Correlation Adjusted corRelation) approach of Zuber and Strimmer.,https://github.com/bocinsky/paleocar,,,,,,,,,,,,,,bocinsky,,,,,,Packages and libraries,R,Palaeobotany,Statistical analysis,,,,,https://archive.org/details/github.com-bocinsky-paleocar_-_2021-02-04_20-42-19
The Southwestern Taphonomic Protocol,A set of analyses to control for variable taphonomic impacts on archaeological faunal datasets.,https://github.com/bocinsky/swtp,,,,,,,,,,,,,10.5281/zenodo.4301001,bocinsky,,,,,,Packages and libraries,R,Schemas and ontologies,API interfaces and web scrapers,,,,,https://archive.org/details/github.com-bocinsky-swtp_-_2020-12-11_04-18-38
tdar,"R package that allows programmatic access to the Digital Archaeological Record (tDAR), a service of Digital Antiquity.",https://github.com/bocinsky/tdar,,,,,,,,,,,,,,bocinsky,,,,,,Packages and libraries,R,API interfaces and web scrapers,,,,,,https://archive.org/details/github.com-bocinsky-tdar_-_2020-08-06_02-10-16
The ABM in Archaeology Bibliography,A selected yet comprehensive list of literature and resources on Agent Based Models (ABM) in Archaeology.,https://github.com/ArchoLen/The-ABM-in-Archaeology-Bibliography,,,,,,,,,,,,,,izaromanowska,ArchoLen,,,,,Lists and datasets,,Bibliography,,,,,,https://archive.org/details/github.com-ArchoLen-The-ABM-in-Archaeology-Bibliography_-_2021-01-20_09-41-35
ABM tutorials,A collection of tutorial on agent-based modelling for archaeologists.,https://github.com/izaromanowska/ABM_tutorials,,,,,,,,,,,,,,izaromanowska,,,,,,Lists and datasets,,Educational resources and practical guides,Simulation,,,,,https://archive.org/details/github.com-izaromanowska-ABM_tutorials_-_2019-06-21_13-17-40
SPARTAAS,Statistical pattern recognition and dating using archaeological artefacts assemblages.,,,,,,,,,https://cran.r-project.org/package=SPARTAAS,,,,,,Lise Bellanger,Philippe Husi,Arthur Coulon,Bruno Desachy,Benjamin Martineau,,Packages and libraries,R,Statistical analysis,,,,,,
Bonify,Access and visualize 3D models of faunal remains.,,,,,,,,,,,,https://www.digitalbones.eu,,,garynobles,Canan Cakirlar,Nynke de Boer,,,,Standalone software,,3D modelling,Zooarchaeology,,,,,
Alligator,A Web tool for converting CAs with dating information to relative time intervals as RDF.,https://github.com/RGZM/alligator,,,,,,,,,,,https://java-dev.rgzm.de/webapp_alligator/,,,florianthiery,Allard Mees,,,,,Standalone software,,Statistical analysis,Schemas and ontologies,,,,,https://archive.org/details/github.com-RGZM-alligator_-_2021-06-04_01-29-28
geoCore,Constructs a graphical representation of petrographic drilling profiles.,https://github.com/t-systems-on-site-services-gmbh/geoCore,,,,,,,,,,,https://plugins.qgis.org/plugins/geoCore/,,10.5281/zenodo.4548887,Gerrit Bette,Moritz Mennenga,,,,,Packages and libraries,QGIS,Diagrams and visualizations,,,,,,
Day of Archaeology Archive,Archive of content shared during the annual Day of Archaeology from 2011-2017.,,,,,,,,https://archaeologydataservice.ac.uk/blog/2021/03/archiving-day-of-archaeology-2011-2017/,,,,,,10.5284/1048331,Archaeology Data Service,,,,,,Lists and datasets,,Public archaeology,,,,,,
Tachy2GIS,Enables you to create geometries directly from tachymeter input while at the same time adding vertices manually.,https://github.com/Archaeological-Museum-Hamburg/Tachy2GIS,,,,,,,,,,,,,,Archaeological-Museum-Hamburg,chris-jan-trapp,,,,,Standalone software,,Drivers and IO,,,,,,https://archive.org/details/github.com-gbv-Tachy2GIS_-_2021-04-23_09-17-43
bioanth,An R package that provides datasets useful for biological and forensic anthropology.,https://github.com/geanes/bioanth,,,,,,,,,,,,,,geanes,,,,,,Packages and libraries,R,Biological anthropology,,,,,,https://archive.org/details/github.com-geanes-bioanth_-_2015-02-27_03-40-21
roman-amphitheaters,A dataset of Roman amphitheaters.,https://github.com/roman-amphitheaters/roman-amphitheaters,,,,,,,,,,,,,,roman-amphitheaters,,,,,,Lists and datasets,,Datasets,,,,,,https://archive.org/details/github.com-roman-amphitheaters-roman-amphitheaters_-_2021-05-29_14-30-00
caribbean-14C,A compilation of anthropogenic radiocarbon dates for the Caribbean region.,https://github.com/philriris/caribbean-14C,,,,,,,,,,,,,,philriris,,,,,,Lists and datasets,,Datasets,"Radiocarbon dating, calibration and sequencing",,,,,https://archive.org/details/github.com-philriris-caribbean-14C_-_2021-06-21_10-55-36
Crop_Origins_Phylo,Repository of Crop Origins database and Phylo Food phylogeny.,https://github.com/rubenmilla/Crop_Origins_Phylo,,,,,,,,,,,,,,rubenmilla,,,,,,Lists and datasets,,Palaeobotany,,,,,,https://archive.org/details/github.com-rubenmilla-Crop_Origins_Phylo_-_2021-03-02_17-30-56
NERD,"Dataset of 10,647 radiocarbon dates from the Near East from the Late Pleistocene until the Late Holocene (ca. 14 - 2 kya BP).",https://github.com/apalmisano82/NERD,,,,,,,,,,,,,,apalmisano82,,,,,,Lists and datasets,,Datasets,"Radiocarbon dating, calibration and sequencing",,,,,https://archive.org/details/github.com-apalmisano82-NERD_-_2021-04-08_11-31-14
RoomAccum,Room Accumulation Simulation ro estimate archaeological population growth rates.,https://github.com/kintigh/RoomAccum,,,,,,,,,,,,,,kintigh,,,,,,Standalone software,,Simulation,Cultural evolution,,,,,https://archive.org/details/github.com-kintigh-RoomAccum_-_2020-06-15_19-37-46
babylonian-hours,A digital clock which computes your local time in 'seasonal-hours'.,https://github.com/willismonroe/babylonian-hours,,,,,,,,,,,,,,willismonroe,,,,,,Standalone software,,Simulation,,,,,,https://archive.org/details/github.com-willismonroe-babylonian-hours_-_2019-01-05_20-36-50
pe-dictionary,Proto-Elamite sign list.,https://github.com/willismonroe/pe-dictionary,,,,,,,,,,,,,,willismonroe,,,,,,Lists and datasets,,Datasets,Literary analysis and epigraphy,,,,,https://archive.org/details/github.com-willismonroe-pe-dictionary_-_2021-06-17_05-04-27
hammurabi-markov,Simple VueJS page generating fake laws of Hammurabi.,https://github.com/willismonroe/hammurabi-markov,,,,,,,,,,,,,,willismonroe,,,,,,Standalone software,,Simulation,Literary analysis and epigraphy,,,,,https://archive.org/details/github.com-willismonroe-hammurabi-markov_-_2021-05-07_17-40-49
cleanc14,Provides some utility functions for cleaning radiocarbon data in R.,https://github.com/joeroe/cleanc14,,,,,,,,,,,,,,joeroe,,,,,,Packages and libraries,R,"Radiocarbon dating, calibration and sequencing",,,,,,https://archive.org/details/github.com-joeroe-cleanc14_-_2021-05-04_08-45-08
racisminarchy,Contains data and R code for our article on computational text analysis of racism in archaeology.,https://github.com/parkgayoung/racisminarchy,,,,,,,,,,,,,,parkgayoung,,,,,,Products,,Datasets,Ethics and professional development,,,,,https://archive.org/details/github.com-parkgayoung-racisminarchy_-_2021-07-02_22-43-55
Tachy2GIS_arch,QGIS plugin for documentation of archaeological features using Tachy2GIS.,https://github.com/Landesamt-fuer-Archaeologie-Sachsen/Tachy2GIS_arch,,,,,,,,,,,,,,Landesamt-fuer-Archaeologie-Sachsen,,,,,,Packages and libraries,QGIS,Data collection,Site mapping,,,,,https://archive.org/details/github.com-Landesamt-fuer-Archaeologie-Sachsen-Tachy2GIS_arch_-_2021-06-29_11-41-35
Iraq_mortar,Enables the creation of a high quality 3D model of an archaeological artefact via process known as photo-masking.,https://github.com/apalmisano82/Iraq_mortar,,,,,,,,,,,,,,apalmisano82,,,,,,Packages and libraries,Python,3D modelling,Shape recognition,,,,,https://archive.org/details/github.com-apalmisano82-Iraq_mortar_-_2017-03-17_18-27-31
Archaeological Ethics Database,"Brings together sources on archaeological ethics in a single place for the use of students, researchers, and professional archaeologists.",,,,,,,,,,,,https://archaeologicalethics.org/,,,Register of Professional Archaeologists,Chartered Institute for Archaeologists,,,,,Lists and datasets,,Ethics and professional development,,,,,,
FISH Vocabularies,A suite of terminologies developed for indexing cultural heritage.,,,,,,,,,,,,http://www.heritage-standards.org.uk/fish-vocabularies/,,,Forum on Information Standards in Heritage,,,,,,"Specifications, protocols and schemas",,Schemas and ontologies,,,,,,
ElementSourcing,Source archaeological artifacts using elemental composition.,https://github.com/bischrob/ElementSourcing,,,,,,,,,,,,,,bischrob,,,,,,Scripts,R,X-Ray Fluorescence,,,,,,https://archive.org/details/github.com-bischrob-ElementSourcing_-_2018-02-06_20-35-44
elemSource,R Package for sourcing elements.,https://github.com/bischrob/elemSource,,,,,,,,,,,,,,bischrob,,,,,,Packages and libraries,R,X-Ray Fluorescence,,,,,,https://archive.org/details/github.com-bischrob-elemSource_-_2020-01-06_18-15-30
CeramicApportioning,"A method for chronological apportioning of ceramic assemblages that considers site occupation dates, ceramic production dates, and popularity distribution curves.",https://github.com/mpeeples2008/CeramicApportioning,,,,,,,,,,,,,,mpeeples2008,,,,,,Scripts,R,Chronological modelling,Ceramic analysis,,,,,https://archive.org/details/github.com-mpeeples2008-CeramicApportioning_-_2021-05-27_23-46-40
kairos,Analysis of Chronological Patterns from Archaeological Count Data.,https://github.com/tesselle/kairos,,,,,,,,https://cran.r-project.org/package=kairos,,,https://packages.tesselle.org/kairos/,,10.5281/zenodo.5653896,tesselle,,,,,,Packages and libraries,R,Chronological modelling,,,,,,https://archive.org/details/github.com-tesselle-kairos_-_2021-06-24_12-52-49
nexus,Sourcing Archaeological Materials by Chemical Composition.,https://github.com/tesselle/nexus,,,,,,,,https://cran.r-project.org/package=nexus,,,https://packages.tesselle.org/nexus/,,10.5281/zenodo.10225630,tesselle,,,,,,Packages and libraries,R,X-Ray Fluorescence,Instrumental Neutron activation analysis,,,,,https://archive.org/details/github.com-tesselle-nexus_-_2021-05-24_16-02-18
TransmissionBias,"Includes an agent-based model (ABM) of cultural transmission that simulates the three main forms of transmission bias: content bias, frequency bias, and demonstrator bias.",https://github.com/masonyoungblood/TransmissionBias,,,,,,,,,,,,,,masonyoungblood,,,,,,Packages and libraries,R,Simulation,Cultural evolution,,,,,https://archive.org/details/github.com-masonyoungblood-TransmissionBias_-_2021-07-01_11-24-26
skeletal-sex-estimation,A GNU Octave function for skeletal sex estimation.,https://github.com/pr0m1th3as/skeletal-sex-estimation,,,,,,,,,,,,,,pr0m1th3as,,,,,,Scripts,MATLAB,Biological anthropology,Zooarchaeology,,,,,https://archive.org/details/github.com-pr0m1th3as-skeletal-sex-estimation_-_2020-07-15_16-36-11
long-bone-diaphyseal-CSG-Toolkit,A GNU Octave toolkit for analyzing diaphyseal long bone cross sectional geometry.,https://github.com/pr0m1th3as/long-bone-diaphyseal-CSG-Toolkit,,,,,,,,,,,,,,pr0m1th3as,,,,,,Scripts,MATLAB,Biological anthropology,Zooarchaeology,,,,,https://archive.org/details/github.com-pr0m1th3as-long-bone-diaphyseal-CSG-Toolkit_-_2021-04-18_01-42-07
osteometric-sorting,Tools for osteometric sorting of human remains.,https://github.com/pr0m1th3as/osteometric-sorting,,,,,,,,,,,,,,pr0m1th3as,,,,,,Scripts,MATLAB,Biological anthropology,Zooarchaeology,,,,,https://archive.org/details/github.com-pr0m1th3as-osteometric-sorting_-_2020-05-09_00-52-46
skullanalyzer,A concrete way of extracting cranial mophometric features.,https://github.com/pr0m1th3as/skullanalyzer,,,,,,,,,,,,,,pr0m1th3as,,,,,,Scripts,MATLAB,Biological anthropology,Zooarchaeology,,,,,https://archive.org/details/github.com-pr0m1th3as-skullanalyzer_-_2020-04-13_19-57-16
cranial-sex-estimation-code,Data analysis implementation for evaluating a novel sex estimation method based on skullanalyzer data.,https://github.com/pr0m1th3as/cranial-sex-estimation-code,,,,,,,,,,,,,,pr0m1th3as,,,,,,Scripts,MATLAB,Biological anthropology,Zooarchaeology,,,,,https://archive.org/details/github.com-pr0m1th3as-cranial-sex-estimation-code_-_2020-01-31_08-05-24
non-metric-trait-analysis,A set of GNU Octave functions for biodistance analysis based on non-metric traits.,https://github.com/pr0m1th3as/non-metric-trait-analysis,,,,,,,,,,,,,,pr0m1th3as,,,,,,Scripts,MATLAB,Biological anthropology,Zooarchaeology,,,,,https://archive.org/details/github.com-pr0m1th3as-non-metric-trait-analysis_-_2018-03-08_14-05-12
caa,"Statistical methods for archaeological data analysis, course website repository.",https://github.com/BernCoDALab/caa,,,,,,,,,,,,,,BernCoDALab,,,,,,Guides,,Educational resources and practical guides,,,,,,https://archive.org/details/github.com-BernCoDALab-caa_-_2021-06-23_13-44-53
pta_data,An open access digital archive of antique Christian texts.,https://github.com/PatristicTextArchive/pta_data,,,,,,,,,,,https://pta.bbaw.de/pta/,,,PatristicTextArchive,,,,,,Lists and datasets,,Literary analysis and epigraphy,Datasets,,,,,https://archive.org/details/github.com-PatristicTextArchive-pta_data_-_2021-05-06_16-45-24
p2pPerm,A function for retrieving metrics for resistance-resilience from rcarbon permTest objects.,https://github.com/philriris/p2pPerm,,,,,,,,,,,,,,philriris,,,,,,Scripts,R,"Radiocarbon dating, calibration and sequencing",Statistical analysis,,,,,https://archive.org/details/github.com-philriris-p2pPerm_-_2021-07-02_10-58-34
Near-Presence-Analysis,R script for analyzing presence/absence data in irregularly distributed archaeological survey units.,https://github.com/eweaverdyck/Near-Presence-Analysis,,,,,,,,,,,,,,eweaverdyck,,,,,,Scripts,R,Statistical analysis,Spatial analysis,,,,,https://archive.org/details/github.com-eweaverdyck-Near-Presence-Analysis_-_2021-06-11_19-30-34
Arothron,"Tools of Virtual Anthropology to build virtual cavities as endocasts, to align two disarticulated models belonging to the same specimen, and functions to import and export format files into another format.",https://github.com/AProfico/Arothron,,,,,,,,,,,,,,Arothron,,,,,,Packages and libraries,R,Biological anthropology,Zooarchaeology,Shape recognition,3D modelling,,,https://archive.org/details/github.com-AProfico-Arothron_-_2019-04-26_10-53-43
CSGR,"Extracts and calculates from long bone cross sections, cortical thickness maps, and biomechanically pertinent cross-sectional geometric properties.",https://github.com/Arothron/CSGR,,,,,,,,,,,,,,Arothron,,,,,,Scripts,R,Biological anthropology,Zooarchaeology,Shape recognition,3D modelling,,,https://archive.org/details/github.com-Arothron-CSGR_-_2018-09-12_11-05-11
kriging,Codes for performing kriging for ethnographic and archaeological data.,https://github.com/cl379/kriging,,,,,,,,,,,,,,cl379,,,,,,Scripts,R,Statistical analysis,,,,,,https://archive.org/details/github.com-cl379-kriging_-_2015-05-04_10-58-32
Geostat,Code for Geostatistics in ethnographic contexts.,https://github.com/cl379/Geostat,,,,,,,,,,,,,,cl379,,,,,,Scripts,R,Statistical analysis,Spatial analysis,,,,,https://archive.org/details/github.com-cl379-Geostat_-_2014-11-10_16-24-57
spDates,Analysis of spatial gradients in radiocarbon dates.,https://github.com/jgregoriods/spDates,,,,,,,,,,,,,,jgregoriods,,,,,,Packages and libraries,R,"Radiocarbon dating, calibration and sequencing",Spatial analysis,Statistical analysis,,,,https://archive.org/details/github.com-jgregoriods-spDates_-_2021-06-16_08-03-29
rxpand,Radiocarbon dates for the spread of farming and ceramics in tropical South America.,https://github.com/jgregoriods/rxpand,,,,,,,,,,,,,,jgregoriods,,,,,,Lists and datasets,R,Datasets,"Radiocarbon dating, calibration and sequencing",,,,,https://archive.org/details/github.com-jgregoriods-rxpand_-_2021-06-16_08-05-37
katun,Tools for converting between Maya and Western calendars.,https://github.com/jgregoriods/katun,,,,,,,,,,,https://jgregoriods.github.io/katun/,,,jgregoriods,,,,,,Standalone software,,Chronological modelling,,,,,,https://archive.org/details/github.com-jgregoriods-katun_-_2021-05-27_03-02-18
maya-calendar,Tools for converting between Maya and Western calendars.,https://github.com/jgregoriods/maya-calendar,,,,,,,,,,,https://jgregoriods.github.io/maya-calendar/dist/,,,jgregoriods,,,,,,Standalone software,,Chronological modelling,,,,,,https://archive.org/details/github.com-jgregoriods-maya-calendar_-_2021-05-27_02-40-14
chronochrt,Building chronological charts easily with R.,,,https://gitlab.com/roset/chronochrt,,,,,,https://cran.r-project.org/package=chronochrt,,,,,,roset,,,,,,Packages and libraries,R,Chronological modelling,,,,,,
3D libraries of ships,A 3D library of ancient (classical era) ships.,,,,,,,,,,,,https://imareculture.eu/downloads/project-tools/3d-libraries-of-ships/,,,iMare Culture,,,,,,Lists and datasets,,3D modelling,Datasets,,,,,
ArboDat,A program package for registering and importing data of archaeobotanical analyses including contexts of samples as well as evaluation tools.,,,,,,,,,,,,https://nihk.de/en/research/current-projects/arbodat-ape,,,Angela Kreuz,,,,,,Standalone software,,Palaeobotany,Data management,,,,,
xronos.R,"A worldwide database of chronological information from archaeological contexts, including radiocarbon and dendrochronological data.",https://github.com/xronos-ch/xronos.R,,,,,,,,,,,https://xronos.ch,,,xronos-ch,,,,,,Packages and libraries,R,"Radiocarbon dating, calibration and sequencing",Datasets,,,,,
Electronic Babylonian Literature Project,Brings together ancient Near Eastern specialists and data scientists to revolutionize the way in which the literature of Iraq in the first millennium BCE is reconstructed and analyzed.,,,,,,,,,,,,https://www.ebl.lmu.de/,,,Electronic Babylonian Literature Project,,,,,,"Specifications, protocols and schemas",,Schemas and ontologies,,,,,,
Archaeological_Catalogue_from_CSV_Spreadsheet,A template to create an archaeological catalogue from a spreadsheet using the LaTeX csvsimple package.,https://github.com/latex-ninja/Archaeological_Catalogue_from_CSV_Spreadsheet,,,,,,,https://latex-ninja.com/2021/07/16/latex-for-archaeologists-an-archaeological-catalogue-from-a-spreadsheet/,,,,,,,latex-ninja,,,,,,Scripts,LaTeX,Writing,Templates,,,,,
ABC of Archaeobotanical Open Science,A list of terms related to open archaeobotanical science.,,,,,,,,https://ekaroune.github.io/The-Open-Archaeobotanist/abcofarchaeobotanicalopenscience/,,,,,,,ekaroune,,,,,,Lists and datasets,,Lists,Educational resources and practical guides,,,,,
Open-Science-in-Phytolith-Research,"Project to create community awareness of open science practices, provide training and establish a working group for open science.",https://github.com/EKaroune/Open-Science-in-Phytolith-Research,,,,,,,,,,,https://ekaroune.github.io/Open-Science-in-Phytolith-Research/,,,ekaroune,,,,,,Guides,,Educational resources and practical guides,,,,,,
IsoArcH,Open access and collaborative isotope database for bioarcheological samples.,,,,,,https://twitter.com/isoarch_eu,,,,,,https://isoarch.eu/,,,IsoArcH,,,,,,Lists and datasets,,Datasets,,,,,,
Bridging the Gap ENCODE Database,Shared definitions of digital competences needed by graduate students in the programmes focusing on written cultural heritage.,,,,,,,,,,,,https://encode.uni-hamburg.de/index.html,,,Bridging the Gap ENCODE Database,,,,,,"Specifications, protocols and schemas",,Schemas and ontologies,Educational resources and practical guides,Ethics and professional development,,,,
AIDA,"Dataset of 4,010 radiocarbon dates from Italy from Late Mesolithic until Late Antiquity.",https://github.com/apalmisano82/AIDA,,,,,,,,,,,,,,apalmisano82,,,,,,Lists and datasets,,"Radiocarbon dating, calibration and sequencing",Datasets,,,,,
IntCal,"The IntCal20 radiocarbon calibration curves are provided here in a single data package, together with previous IntCal curves and postbomb curves.",https://github.com/Maarten14C/IntCal,,,,,,,,https://cran.r-project.org/package=IntCal,,,,,,Maarten14C,,,,,,Packages and libraries,R,"Radiocarbon dating, calibration and sequencing",,,,,,
SCEM,Performs the Splitting-Coalescence-Estimation Method to model birth seasonality in studies of herd animals.,https://github.com/kserkcho/SCEM,,,,,,,,https://cran.r-project.org/package=SCEM,,,,,,kserkcho,Hannah Chazin,Soudeep Deb,Joshua Falk,Arun Srinivasan,,Packages and libraries,R,Zooarchaeology,Stable isotope analysis,,,,,
marbleplan,Loading a Marble Plan fragment.,https://github.com/rybesh/marbleplan,,,,,,,,,,,http://rybesh.github.io/marbleplan/,,,rybesh,,,,,,Standalone software,,3D modelling,Educational resources and practical guides,,,,,
UniformProbabilityDensityAnalysis,R implementation of the Uniform Probability Density Analysis approach,https://github.com/mpeeples2008/UniformProbabilityDensityAnalysis,,,,,,,,,,,,,,mpeeples2008,,,,,,Packages and libraries,R,Statistical analysis,Spatial analysis,,,,,
charcoalhearths,Work with geotifs to detect charcoal hearths,https://github.com/jeffblackadar/charcoalhearths,,,,,,,,,,,,,,jeffblackadar,,,,,,Packages and libraries,Python,Aerial and satellite imagery,Shape recognition,,,,,
p3k14c,Global archaeological radiocarbon dataset,https://github.com/people3k/p3k14c,,,,,,,,,,,,,10.1038/s41597-022-01118-7,people3k,,,,,,Lists and datasets,,"Radiocarbon dating, calibration and sequencing",Datasets,,,,,
p3k14c-data-scrubbing,Scrubbing program for the global archaeological radiocarbon dataset,https://github.com/people3k/p3k14c-data-scrubbing,,,,,,,,,,,,,,people3k,,,,,,Packages and libraries,Python,"Radiocarbon dating, calibration and sequencing",Data management,,,,,
IsoDataVis,"Data visualization guidelines for stable isotopes graphs, with examples",https://github.com/stantis/IsoDataVis,,,,,,,,,,,https://stantis.github.io/IsoDataVis/,,,stantis,,,,,,Guides,,Stable isotope analysis,Educational resources and practical guides,Diagrams and visualizations,,,,
Isotope-Visualisation,Resources relevant to visualisation of isotopic results,https://github.com/EstherPlomp/Isotope-Visualisation,,,,,,,,,,,,,,EstherPlomp,,,,,,Lists and datasets,,Stable isotope analysis,Diagrams and visualizations,Educational resources and practical guides,,,,
archaeological-SNA-R-demo,A quick demo of archaeological social network analysis in R,https://github.com/deanthebox/archaeological-SNA-R-demo,,,,,,,,,,,,,,deanthebox,,,,,,Guides,,Educational resources and practical guides,Network analysis,,,,,
ABMA,Code repository and website for Agent-Based Modeling for Archaeology.,https://github.com/SantaFeInstitute/ABMA,,,,,,,,,,,,,,SantaFeInstitute,,,,,,Guides,,Educational resources and practical guides,Simulation,,,,,
Analysing Stable Isotope Data,"Tutorial on how to visualise, analyse and interpret  stable isotope data",,,,,,,,,,,,https://sites.google.com/view/brianhayden/teaching/analyzing-stable-isotope-data,,,Brian Hayden,,,,,,Guides,,Educational resources and practical guides,Stable isotope analysis,Diagrams and visualizations,,,,
Plotting Dental Inventory with ggplot2,tutorial on an intuitive way to visualise a dental inventory in a sample,,,,,,,,,,,,https://bbartholdy.github.io/dental-inv-plot/dental-plot.html,,,bbartholdy,,,,,,Guides,,Educational resources and practical guides,Stable isotope analysis,Diagrams and visualizations,,,,
IsoMapNL,Data and script to generate a map of the Netherlands for isotopic analyses,https://github.com/EstherPlomp/IsoMapNL,,,,,,,,,,,,,,EstherPlomp,,,,,,Guides,,Educational resources and practical guides,Stable isotope analysis,Diagrams and visualizations,,,,
rock-art-transfer-learning,Reconstructing rock art chronology with transfer learning,https://github.com/keeeal/rock-art-transfer-learning,,,,,,,,,,,,,,keeeal,,,,,,Packages and libraries,Python,Shape recognition,Chronological modelling,Iconography,,,,
UThwigl,Compute closed- and open-system uranium-thorium (U-Th) ages of geological and archaeological samples.,https://github.com/tonydoss/UThwigl,,,,,,,,,,,,,,tonydoss,,,,,,Packages and libraries,R,Stable isotope analysis,Chronological modelling,,,,,
totalopenstationToQgis,A plugin to connect with totalopenstation software developed as part of the IOSA project.,https://github.com/enzococca/totalopenstationToQgis,,,,,,,,,,,,,,enzococca,,,,,,Packages and libraries,QGIS,Drivers and IO,Spatial analysis,,,,,
Bibliographic Database of African Scholarship on African Archaeology,An open-access database of African archaeology publications by African and Afrodescendant scholars.,,,,,,,,,,,,https://bibdaa.rice.edu/,,,J. Fleisher,M. Prendergast,K. Ranhorn,H. Woldekiros,,,Lists and datasets,,Bibliography,Ethics and professional development,Educational resources and practical guides,,,,
GlobaLID-database,Facilitates the reconstruction of raw material provenances with lead isotopes.,https://github.com/archmetalDBM/GlobaLID-database,,,,,,,,,,,,https://doi.org/10.5880/fidgeo.2021.031,,archmetalDBM,,,,,,Lists and datasets,,Datasets,Stable isotope analysis,,,,,
GlobaLID-App,The GlobaLID web app,https://github.com/archmetalDBM/GlobaLID-App,,,,,,,,,,,https://globalid.dmt-lb.de/,,,archmetalDBM,,,,,,Standalone software,,Datasets,Stable isotope analysis,Diagrams and visualizations,,,,
clam,A package for classical age-depth modelling of cores from deposits.,https://github.com/Maarten14C/clam,,,,,,,,,,,,,,Maarten14C,,,,,,Packages and libraries,R,Chronological modelling,Geophysical survey,,,,,
coffee,Uses Bayesian methods to enforce the chronological ordering of radiocarbon and other dates.,https://github.com/Maarten14C/coffee,,,,,,,,,,,,,,Maarten14C,,,,,,Packages and libraries,R,Chronological modelling,"Radiocarbon dating, calibration and sequencing",,,,,
rbacon,"A package for Bayesian age-depth modelling of sediment cores, constrained by prior information on sedimentation rates and their variability.",https://github.com/Maarten14C/rbacon,,,,,,,,https://cran.r-project.org/package=rbacon,,,,,,Maarten14C,,,,,,Packages and libraries,R,Chronological modelling,"Radiocarbon dating, calibration and sequencing",,,,,
pollencount,"This simulation tool aims to help students and researchers to start to see what pollen looks like under the microscope, and start to identify common pollen grains.",https://github.com/Maarten14C/pollencount,,,,,,,,,,,,,,Maarten14C,,,,,,Packages and libraries,R,Palaeobotany,Educational resources and practical guides,,,,,
OpenLidarToolbox,A QGIS plug-in that provides one-step-processing of airborne LiDAR data from point cloud to LiDAR visualisations.,https://github.com/stefaneichert/OpenLidarToolbox,,,,,,,,,,,,,,stefaneichert,,,,,,Packages and libraries,QGIS,LiDAR,Aerial and satellite imagery,Drivers and IO,,,,
pXRF,R package for processing pXRF data.,https://github.com/MartinHinz/pXRF,,,,,,,,,,,,,,MartinHinz,,,,,,Packages and libraries,R,X-Ray Fluorescence,,,,,,
nearpresence,"Implements Near Presence Cluster Analysis, a statistical method for identifying spatial clustering within presence / absence data observed in irregularly distributed areal observation units.",https://github.com/eweaverdyck/nearpresence,,,,,,,,,,,,,,eweaverdyck,,,,,,Packages and libraries,R,Statistical analysis,Spatial analysis,,,,,
DACORD,Computer-Assisted Drawing of Archaeological Pottery.,https://github.com/jwilczek-dotcom/DACORD,,,,,,,,,,,,,,jwilczek-dotcom,,,,,,Scripts,R,Shape recognition,Artefact morphology,Ceramic analysis,,,,
RACORD,Computer-Assisted Shape Classification of Archaeological Pottery Fragments.,https://github.com/jwilczek-dotcom/RACORD,,,,,,,,,,,,,,jwilczek-dotcom,,,,,,Scripts,R,Shape recognition,Artefact morphology,Ceramic analysis,,,,
dplR,"Perform tree-ring analyses such as detrending, chronology building, and crossdating.",https://github.com/AndyBunn/dplR,,,,,,,,,,,,,,AndyBunn,,,,,,Packages and libraries,R,Dendrochronology,Chronological modelling,,,,,
xDateR,Shiny app for interactive crossdating of tree-ring data.,https://github.com/AndyBunn/xDateR,,,,,,,,,,,,,,AndyBunn,,,,,,Packages and libraries,R,Dendrochronology,Chronological modelling,,,,,
kidstats,Shiny application that provides subadult age estimations based on dental and skeletal development and skeletal diaphyseal metrics using pre-optimized mixed cumulative probit models.,https://github.com/ElaineYChu/kidstats,,,,,,,,,,,,,,ElaineYChu,,,,,,Scripts,R,Biological anthropology,,,,,,
tRauma,Interactive graphical user interface to aid in the interpretation of blunt-force rib trauma in forensic anthropology casework.,https://github.com/ElaineYChu/tRauma,,,,,,,,,,,,,,ElaineYChu,,,,,,Scripts,R,Biological anthropology,,,,,,
Pofatu,An open-access database for geochemical sourcing of archaeological materials.,https://github.com/pofatu/pofatu-data,,,,,,,,,,,https://pofatu.clld.org/,https://doi.org/10.5281/zenodo.4726799,,pofatu,,,,,,Lists and datasets,,Datasets,Geoarchaeology,,,,,
pypofatu,A python package to curate Pofatu data.,https://github.com/pofatu/pypofatu,,,,,,,,,,,,,,pofatu,,,,,,Packages and libraries,Python,Drivers and IO,Geoarchaeology,Datasets,,,,
pygeoroc,Python library to access data in the GEOROC database.,https://github.com/pofatu/pygeoroc,,,,,,,,,,,,,,potafu,,,,,,Packages and libraries,Python,Drivers and IO,Geoarchaeology,Datasets,,,,
Open History Map,A web-GIS platform containing spatial historical and archaeological data.,https://github.com/openhistorymap,,,,,,,,,,,http://www.openhistorymap.org/,,,openhistorymap,,,,,,Standalone software,,Site mapping,Public archaeology,,,,,
hsv-api,Historical Street View API,https://github.com/openhistorymap/hsv-api,,,,,,,,,,,https://visions.ofthepast.org/,,,openhistorymap,,,,,,Standalone software,,Site mapping,Public archaeology,Drivers and IO,,,,
OHM Data Index,The data index considers a collection of research areas that broadly stroke an idea of the level of completeness in the knowledge of a given period and timeframe.,,,,,,,,,,,,https://index.openhistorymap.org/,,,openhistorymap,,,,,,Lists and datasets,,Site mapping,Public archaeology,Data management,,,,
Mask_UAV,"Software to annotate, train, using deep learning, and segment imagery data from UAVs or other platforms.",https://github.com/maltaweel/Mask_UAV,,,,,,,,,,,,,,maltaweel,,,,,,Packages and libraries,Python,Site mapping,Aerial and satellite imagery,Drones,,,,
chi-field-manual,A bookdown powered manual for the small scale cultural heritage organization looking to leverage various chi techniques for their own collections.,https://github.com/XLabCU/chi-field-manual,,,,,,,,,,,https://xlabcu.github.io/chi-field-manual,,,XLabCU,,,,,,Guides,,Educational resources and practical guides,Statistical analysis,,,,,
A bibliography of public archaeology and archaeological heritage management in the Mediterranean,A collection of references about public archaeology and archaeological heritage management in/from the Mediterranean.,,,,,,,,,,,,https://digital.csic.es/handle/10261/223340,https://doi.org/10.20350/digitalCSIC/12720,,Jaime Almansa Sánchez,,,,,,Lists and datasets,,Bibliography,Public archaeology,,,,,
CHARM,Cultural heritage abstract reference model.,,,,,,,,,,,,http://www.charminfo.org/,,,CHARM,,,,,,"Specifications, protocols and schemas",,Data management,Schemas and ontologies,,,,,
Corallium Fabrica,"Set of 3D models of coral skeletons, which may be used as a reference collection.",,,,,,,,,,,,https://corallumfabrica.laas.fr/,,,Elise Rigot,,,,,,Lists and datasets,,3D modelling,Datasets,,,,,
SexEst,Uses machine learning models to predict the Sex of unknown skeletons based on their cranial and postcranial measurements.,https://github.com/cconsta1/SexEst,,,,,,,,,,,,,,cconsta1,,,,,,Packages and libraries,Python,Biological anthropology,Shape recognition,,,,,
web_geochemistry,Visualizing XRF and NAA geochemistry concentrations.,https://github.com/arf-berkeley/web_geochemistry,,,,,,,,,,,,,,arf-berkeley,,,,,,Packages and libraries,R,X-Ray Fluorescence,Instrumental Neutron activation analysis,,,,,
ithaca,Restoring and attributing ancient texts using deep neural networks.,https://github.com/deepmind/ithaca,,,,,,,,,,,,,,deepmind,,,,,,Packages and libraries,Python,Literary analysis and epigraphy,Shape recognition,,,,,
archchron,For handling archaeological chronological data.,,,https://gitlab.com/oliver.nakoinz/archchron,,,,,,,,,,,,oliver.nakoinz,,,,,,Packages and libraries,R,Chronological modelling,,,,,,
tutorials,Tutorials on quantitative archaeology.,,,https://gitlab.com/oliver.nakoinz/tutorials,,,,,,,,,,,,oliver.nakoinz,,,,,,Guides,,Educational resources and practical guides,Statistical analysis,,,,,
c14-date-extractor,Script for extracting c14 dates from text.,https://github.com/alexbrandsen/c14-date-extractor,,,,,,,,,,,,,,alexbrandsen,,,,,,Scripts,,Bits and bobs,"Radiocarbon dating, calibration and sequencing",Writing,,,,
joint-disease-tool,"Interactively guides the user through a number of questions, ending in a specific pathology diagnosis.",https://github.com/alexbrandsen/joint-disease-tool,,,,,,,,,,,,,,alexbrandsen,,,,,,Packages and libraries,,Biological anthropology,,,,,,
pdf-to-nested-xml,"Script to convert a folder of Dutch archaeological reports (PDFs) to XML files nested by section, chapter, heading.",https://github.com/alexbrandsen/pdf-to-nested-xml,,,,,,,,,,,,,,alexbrandsen,,,,,,Scripts,Python,Bits and bobs,Writing,,,,,
archeo-bertje,A Dutch BERT model for the Archaeology domain.,https://github.com/alexbrandsen/archeo-bertje,,,,,,,,,,,,,,alexbrandsen,,,,,,"Specifications, protocols and schemas",,Machine learning,Schemas and ontologies,,,,,
archaeo-CRF,Conditional Random Fields model for NER in Dutch Archaeology.,https://github.com/alexbrandsen/archaeo-CRF,,,,,,,,,,,,,,alexbrandsen,,,,,,Packages and libraries,Python,Machine learning,Schemas and ontologies,,,,,
MapofComputationalArchaeology,Visualizes digital archaeology as a fantasy landscape.,https://github.com/sslarch/MapofComputationalArchaeology,,,,,,,,,,,,,,sslarch,,,,,,Products,,Diagrams and visualizations,,,,,,
chronup,Tools for chronological uncertainty propagation.,https://github.com/wccarleton/chronup,,,,,,,,,,,,,,wccarleton,,,,,,Packages and libraries,R,Chronological modelling,Statistical analysis,,,,,
recmod,Tools for estimating parameters for Radiocarbon-dated Event Count (REC) Models.,https://github.com/wccarleton/recmod,,,,,,,,,,,,,,wccarleton,,,,,,Packages and libraries,R,Chronological modelling,"Radiocarbon dating, calibration and sequencing",,,,,
timeperiod2daterange,Converts time period entities to standardised date ranges.,https://github.com/alexbrandsen/timeperiod2daterange,,,,,,,,,,,,,,alexbrandsen,,,,,,Scripts,Python,Chronological modelling,Bits and bobs,,,,,
rarcheo,Online textbook about how tackle a wide range of problems using R.,https://github.com/nfrerebeau/rarcheo,,,,,,,,,,,https://r-archeo.huma-num.fr/,,,nfrerebeau,,,,,,Guides,,Educational resources and practical guides,,,,,,
fellingDateR,Compute and combine felling date estimates for historical tree-ring series with (incomplete) sapwood.,https://github.com/hanecakr/fellingDateR,,,,,,,,,,,,,,hanecakr,,,,,,Packages and libraries,R,Chronological modelling,Dendrochronology,,,,,
rock-art-radnet,Rock art object detection model.,https://github.com/Swedish-Rock-Art-Research-Archives/rock-art-radnet,,,,,,,,,,,,,,Swedish-Rock-Art-Research-Archives,,,,,,Packages and libraries,Python,Shape recognition,Iconography,,,,,
rock-art-ratopoviz,Create visualizations from laserscans.,https://github.com/Swedish-Rock-Art-Research-Archives/rock-art-ratopoviz,,,,,,,,,,,,,,Swedish-Rock-Art-Research-Archives,,,,,,Packages and libraries,Python,Shape recognition,Iconography,,,,,
anthroFun,Functions to help with the preprocessing steps in anthropological research.,https://github.com/ElaineYChu/anthroFun,,,,,,,,,,,,,,ElaineYChu,,,,,,Scripts,R,Bits and bobs,,,,,,
arches-via-docker,Deployment of Arches via Docker for archaeology and related instruction.,https://github.com/opencontext/arches-via-docker,,,,,,,,,,,,,,opencontext,,,,,,Standalone software,,Drivers and IO,,,,,,
shootpoints-web-frontend,User interface to the ShootPoints Web total station surveying program.,https://github.com/Lugal-PCZ/shootpoints-web-frontend,,,,,,,,,,,,,,Lugal-PCZ,,,,,,Standalone software,,Site mapping,Data collection,,,,,
shootpoints-web-api,Back-end and middleware for the ShootPoints Web total station surveying program.,https://github.com/Lugal-PCZ/shootpoints-web-api,,,,,,,,,,,,,,Lugal-PCZ,,,,,,Standalone software,,Site mapping,API interfaces and web scrapers,,,,,
quantatools,Finding quantum in archaeological data using cosine quantogram and related statistical methods.,https://github.com/maciejkasinski/quantatools,,,,,,,,,,,,,10.5281/zenodo.2566606.svg,maciejkasinski,,,,,,Packages and libraries,R,Statistical analysis,,,,,,
BraDypUS,"Creating, impementing and publishing relational databases on the Web, especially for the archaeolgical domain.",https://github.com/lab-archeologia-digitale/BraDypUS,,,,,,,,,,,,,10.5281/zenodo.5577979.svg,lab-archeologia-digitale,,,,,,Standalone software,,Data management,,,,,,
Mastodon-Archaeology,Simple web app that helps to bulk follow archaeologists on the FOSS microblogging service Mastodon.,https://github.com/stark1tty/Mastodon-Archaeology,,,,,,,,,,,,,,stark1tty,,,,,,Lists and datasets,,Lists,Public archaeology,,,,,
ArchaeoAstroInsight,"QGIS Python script/plugin for computing azimuth, horizon altitude, and celestial declination of a specific bearing indicated by a line segment selected by a user.",https://github.com/marcfrincu/ArchaeoAstroInsight,,,,,,,,,,,,,,marcfrincu,,,,,,Packages and libraries,QGIS,Spatial analysis,Archaeoastronomy,,,,,
PleistoDist,Distance matrices between islands normalised over Pleistocene time.,https://github.com/g33k5p34k/PleistoDist,,,,,,,,,,,,,,g33k5p34k,,,,,,Packages and libraries,ArcGIS,Spatial analysis,,,,,,
PleistoDistR,Distance matrices between islands normalised over Pleistocene time. A complete ground-up rebuild of PleistoDist for use with R.,https://github.com/g33k5p34k/PleistoDistR,,,,,,,,,,,,,,g33k5p34k,,,,,,Packages and libraries,R,Spatial analysis,,,,,,
BioArch_R,Apps and functions for use in Bioarchaeology,https://github.com/AlisJay/BioArch_R,,,,,,,,,,,,,,AlisJay,,,,,,Packages and libraries,R,Biological anthropology,,,,,,
BioProfile,A shiny app which uses the results of standard osteological methods to create a basic biological profile,https://github.com/AlisJay/BioProfile,,,,,,,,,,,https://alisjay.shinyapps.io/BioProfile,,,AlisJay,,,,,,Packages and libraries,R,Biological anthropology,,,,,,
NASSA-modules,The modular library of the Network for Agent-based modelling of Socio-ecological systems in Archaeology,https://github.com/Archaeology-ABM/NASSA-modules,,,,,,,,,,,https://archaeology-abm.github.io/NASSA-modules,,,Archaeology-ABM,,,,,,Lists and datasets,,Simulation,Lists,,,,,
Material Sources for Early Islam and Late Antique Near East,A list of resources and materials for research on the history of Early Islam and the Late Antique Near East.,,,,,,,,,,,,https://materialsourcesforearlyislamandlateantiqueneareast.hcommons.org/,,,Hagit Nol,,,,,,Lists and datasets,,Lists,,,,,,
TPQ-Composer,Utility for graphically displaying a set of termini post quem induced from stratified archaeological artifacts.,https://github.com/Eythan31/TPQ-Composer,,,,,,,,,,,,,,Eythan31,,,,,,Packages and libraries,Python,Chronological modelling,,,,,,
Artifacts-Analyzer,Python script for analyzing data sets of archaeological artifacts containing only Boolean and categorical variables.,https://github.com/Eythan31/Artifacts-Analyzer,,,,,,,,,,,,,,Eythan31,,,,,,Packages and libraries,Python,Statistical analysis,,,,,,
PAThs Simple Vectorization Protocol,Protocol to vecotorize archaeological or architectonic legacy data.,,,,,,,,,,,,https://docs.paths-erc.eu/data/svp,,,PAThs,,,,,,Guides,,Site mapping,3D modelling,,,,,
ChronoLog,A tool for computer-assisted chronological research.,,,,,,,,,,,,https://chrono.ulb.be/,,10.1016/j.jas.2020.105225,Eythan Levy,Frédéric Pluquet,Gilles Geeraerts,,,,Standalone software,,Chronological modelling,,,,,,
IntChron,An indexing service for chronological information. Information can be viewed as webpages or downloaded as data files in different formats.,,,,,,,,,,,,https://intchron.org/,,10.1017/RDC.2019.21,Christopher Bronk Ramsey,,,,,,Lists and datasets,,Lists,,,,,,
DIGSS,"A simulation tool to estimate the rate of success that surveys possessing user-specific characteristics have in identifying archaeological sites (or any groups of clouds of objects), given specific parameters of survey area, survey methods, and site properties.",https://github.com/markhubbe/DIGSS,,,,,,,,https://cran.r-project.org/package=DIGSS,,,,,,markhubbe,,,,,,Packages and libraries,R,Simulation,Statistical analysis,,,,,
archaeosrp,Read PDFs with archaeological site report information and return the information in the forms as a dataframe.,https://github.com/seanbergin/archaeosrp,,,,,,,,,,,,,,seanbergin,,,,,,Packages and libraries,R,Writing,,,,,,
ancient-artifacts,Dynamic image analysis to identify ancient artifacts in soil samples.,https://github.com/vanderbilt-data-science/ancient-artifacts,,,,,,,,,,,,,,vanderbilt-data-science,,,,,,Packages and libraries,R,Shape recognition,Spatial analysis,,,,,
roev,Functions for analysing and visualizing rates of evolution.,https://github.com/benmarwick/roev,,,,,,,,,,,,,,benmarwick,,,,,,Packages and libraries,R,Statistical analysis,,,,,,
aoristic-analysis,Estimate probabilities of find numbers per period.,https://github.com/LimesLimits/aoristic-analysis,,,,,,,,,,,,,10.1016/j.jasrep.2016.10.006,LimesLimits,,,,,,Packages and libraries,Python,Statistical analysis,,,,,,
SEAHORS,R Shiny application that allows easy and quick exploration of the spatial distribution of archaeological objects.,https://github.com/AurelienRoyer/SEAHORS,,,,,,,,,,,,,,AurelienRoyer,,,,,,Packages and libraries,R,Spatial analysis,,,,,,
shoredate,Offers methods to shoreline date Stone Age sites located along the Norwegian Skagerrak coast based on their present-day elevation and the trajectory of past relative sea-level change.,https://github.com/isakro/shoredate,,,,,,,,https://cran.r-project.org/package=shoredate,,,,,,isakro,,,,,,Packages and libraries,R,Spatial analysis,Chronological modelling,,,,,
civ5-prehistoric,"Extends the game back millions years and multiple eras into the days when ""man"" first descended from the trees!",https://github.com/carlosfhernandez/civ5-prehistoric,,,,,,,,,,,https://github.com/carlosfhernandez/civ5-prehistoric/wiki/,,,carlosfhernandez,,,,,,Standalone software,,Games,,,,,,
archeoViz,"A packaged R 'Shiny' application for the visualisation, interactive exploration, and web communication of archaeological spatial data.",https://github.com/sebastien-plutniak/archeoviz,,,,,,,,https://cran.r-project.org/package=archeoViz,,,https://analytics.huma-num.fr/archeoviz/home/,,10.5281/zenodo.7460193,sebastien-plutniak,,,,,,Packages and libraries,R,Diagrams and visualizations,Spatial analysis,Site mapping,,,,
archeoViz Portal,An R Shiny application to gather and map datasets visualised using the archeoViz application,https://github.com/sebastien-plutniak/archeoviz-portal,,,,,,,,,,,https://analytics.huma-num.fr/archeoviz/home/,,,sebastien-plutniak,,,,,,Lists and datasets,R,Platforms and publications,Data collection,Datasets,,,,
Excavation_data_viewer,R Shiny app for viewing archaeological excavation data in 3D.,https://github.com/samclin/Excavation_data_viewer,,,,,,,,,,,,,,samclin,,,,,,Packages and libraries,R,Data management,3D modelling,,,,,
ARchaeology,View the AR models on your phone.,https://github.com/lili0824/ARchaeology,,,,,,,,,,,,,,lili0824,,,,,,Standalone software,,3D modelling,Augmented reality,Site mapping,,,,
StoneAdvisor,Explore and share your favourite archaeological sites and itineraries.,https://github.com/rbbristow/StoneAdvisor,,,,,,,,,,,,,,rbbristow,,,,,,Standalone software,Python,Public archaeology,Museums,,,,,
3D_EdgeAngle,Semi-automated 3D digital method to systematically quantify stone tool edge angle and design.,https://github.com/lschunk/3D_EdgeAngle,,,,,,,,,,,,,10.5281/zenodo.7956767,lschunk,Ivan Calandra,Konstantin Bob,,,,Packages and libraries,Python,Artefact morphology,3D modelling,,,,,
isopleuros,Ternary plots made simple.,https://github.com/tesselle/isopleuros,,,,,,,,https://cran.r-project.org/package=isopleuros,,,https://packages.tesselle.org/isopleuros/,,10.5281/zenodo.7940389,tesselle,,,,,,Packages and libraries,R,Diagrams and visualizations,,,,,,
ZooarchMixMod,"Produce mixture models of zooarchaeological measurement data to estimate the proportion of immature, adult-sized female, and adult-sized male specimens in an assemblage.",https://github.com/wolfhagenj/ZooarchMixMod,,,,,,,,,,,,,10.1007/s10816-023-09611-y,wolfhagenj,,,,,,Packages and libraries,R,Zooarchaeology,,,,,,
ArchaeoCal,An R Interface to OxCal.,https://github.com/ArchaeoStat/ArchaeoCal,,,,,,,,,,,https://archaeostat.github.io/ArchaeoCal/,,,nfrerebeau,,,,,,Packages and libraries,R,"Radiocarbon dating, calibration and sequencing",,,,,,
ArchaeoData,Models and data to reproduce results from ArchaeoPhases examples and vignettes.,https://github.com/ArchaeoStat/ArchaeoData,,,,,,,,,,,https://archaeostat.github.io/ArchaeoData/,,,nfrerebeau,,,,,,Packages and libraries,R,"Radiocarbon dating, calibration and sequencing",Datasets,,,,,
aion,Provides a system of classes and methods to represent and work with archaeological time-series.,https://github.com/tesselle/aion,,,,,,,,https://cran.r-project.org/package=aion,,,https://packages.tesselle.org/aion/,https://doi.org/10.21105/joss.06210,10.5281/zenodo.8032278,tesselle,,,,,,Packages and libraries,R,Chronological modelling,,,,,,
alkahest,Pre-Processing XY Data from Experimental Methods.,https://github.com/tesselle/alkahest,,,,,,,,https://cran.r-project.org/package=alkahest,,,https://packages.tesselle.org/alkahest/,,10.5281/zenodo.7081524,tesselle,,,,,,Packages and libraries,R,Statistical analysis,,,,,,
Akkademia,"Translating Akkadian signs to transcriptions using NLP techniques such as HMM, MEMM and BiLSTM neural networks.",https://github.com/gaigutherz/Akkademia,,,,,,,,,,,,,,gaigutherz,arielazary,ARomach,ireman,,,Packages and libraries,Python,Machine learning,Literary analysis and epigraphy,,,,,
teethr,Calculate dental indices and lesion ratios.,https://github.com/bbartholdy/teethr,,,,,,,,,,,,,,bbartholdy,,,,,,Packages and libraries,R,Zooarchaeology,,,,,,
morphotype,Provide a pipeline from shape data extraction to typological arrangement of pottery profiles.,https://github.com/kafetzakid/morphotype,,,,,,,,,,,,,10.5281/zenodo.8224882,kafetzakid,,,,,,Packages and libraries,R,Artefact morphology,Shape recognition,Ceramic analysis,,,,
morphotypeShiny,Shiny implementation of morphotype.,https://github.com/kafetzakid/morphotypeShiny,,,,,,,,,,,,,10.5281/zenodo.6760607,kafetzakid,,,,,,Packages and libraries,R,Artefact morphology,Shape recognition,,,,,
pleiades.datasets,Platform-independent versions of Pleiades gazetteer data.,https://github.com/isawnyu/pleiades.datasets,,,,,,,,,,,https://pleiades.stoa.org/,,10.5281/zenodo.8206033,isawnyu,,,,,,Lists and datasets,,Datasets,,,,,,
ArcheOS,Linux distribution with specialist software for archaeological purposes.,https://github.com/archeos/ArcheOS,,,,,,,,,,,https://distrowatch.com/table.php?distribution=archeos,,,archeos,,,,,,Standalone software,,Drivers and IO,Bits and bobs,,,,,
ArcheoShape,Analysis tools for geometric models of archaeological pieces.,https://github.com/omendoza83/ArcheoShape,,,,,,,,,,,,,,omendoza83,,,,,,Standalone software,,Artefact morphology,,,,,,
ArchaeolPhytoliths,Automated detection and classification of multi-cell phytoliths at genera and species-level using Deep Learning algorithm.,https://github.com/iberganzo/ArchaeolPhytoliths,,,,,,,,,,,,,,iberganzo,,,,,,Packages and libraries,Python,Palaeobotany,Machine learning,Shape recognition,,,,
14C-power-sensitivity,How wrong is wrong and how good can it get? 14C chronological model power and sensitivity analyses with OxCal and R.,https://github.com/pete-jacobsson/14C-power-sensitivity,,,,,,,,,,,,,,pete-jacobsson,,,,,,Packages and libraries,R,"Radiocarbon dating, calibration and sequencing",,,,,,
EDM,Configurable data collection program for archaeological survey and excavation.,https://github.com/surf3s/EDM,,,,,,,,,,,,,,surf3s,,,,,,Packages and libraries,Python,Data collection,Data management,,,,,
EDMWIN,Configurable data collection program for archaeological survey and excavation.,https://github.com/surf3s/EDMWIN,,,,,,,,,,,,,,surf3s,,,,,,Packages and libraries,Python,Data collection,Data management,,,,,
fabryka,Shiny app fabric analysis.,https://github.com/marchaeologist/fabryka,,,,,,,,,,,,,,marchaeologist,,,,,,Scripts,R,Site mapping,Spatial analysis,,,,,
3d_spatial_ripley_analyses,Test spatial associations of objects in three dimensions by using the Ripley's K function.,https://github.com/marchaeologist/3d_spatial_ripley_analyses,,,,,,,,,,,,,,marchaeologist,,,,,,Scripts,R,Site mapping,Spatial analysis,,,,,
R for data analysis and visualization of Archaological Data,"Data Analysis and Visualization in R for Archaologists, modified from the Data Carpentry R Workshop for Ecologists.",https://github.com/carpentries-incubator/R-archaeology-lesson,,,,,,,,,,,https://carpentries-incubator.github.io/R-archaeology-lesson/,,,carpentries-incubator,Alison Clarke,François Michonneau,Auriel Fournier,,,Guides,R,Educational resources and practical guides,,,,,,
Scroll Viewer,Viewer for the Herculaneum Papyri segments.,https://github.com/atiro/scroll-viewer,,,,,,,,,,,,,,atiro,,,,,,Standalone software,,Literary analysis and epigraphy,3D modelling,,,,,
mobest,"An R package that provides types and functions for spatiotemporal interpolation of human genetic ancestry components, probabilistic similarity search and the calculation of a derived measure for mobility estimation.",https://github.com/nevrome/mobest,,,,,,,,,,,https://nevrome.de/mobest/html/master/,https://doi.org/10.1073/pnas.2218375120,,nevrome,,,,,,Packages and libraries,R,Archaeogenetics,Simulation,,,,,
vici.org,"A community driven archaeological map of classical antiquity, inspired by and modelled after Wikipedia.",https://github.com/renevoorburg/vici.org,,,,,,,,,,,https://vici.org,,,renevoorburg,,,,,,Standalone software,,Public archaeology,Spatial analysis,Datasets,,,,
pastclim,Methods to easily extract and manipulate palaeoclimate reconstructions for ecological and anthropological analyses.,https://github.com/EvolEcolGroup/pastclim/,,,,,,,,https://cran.r-project.org/package=pastclim,,,https://evolecolgroup.github.io/pastclim/,,,EvolEcolGroup,Michela Leonardi,Emily Y. Hallet,Robert Beyer,Mario Krapp,Andrea Manica,Packages and libraries,R,Simulation,Palaeoclimate modelling,,,,,
currycarbon,App to run C14 calibration on the command line. Includes and is based on a calibration module written in and for Haskell.,https://github.com/nevrome/currycarbon,,,,,,,,,,,,,,nevrome,,,,,,Standalone software,,"Radiocarbon dating, calibration and sequencing",Chronological modelling,,,,,
morphalr,Morphological analysis for archaeology.,https://github.com/JGravier/morphalr,,,,,,,,,,,https://jgravier.github.io/morphalr/,,,JGravier,,,,,,Packages and libraries,R,Spatial analysis,,,,,,
ExtendedMatrix,A scientific method and formal language for the Cultural Heritage domain that formalises complex interpretative philological phenomena such as virtual reconstructive hypotheses in a transparent and robust manner.,https://github.com/zalmoxes-laran/ExtendedMatrix,,,,,,,,,,,https://www.extendedmatrix.org/home,https://doi.org/10.3390/heritage6020069,,zalmoxes-laran,Bruno Fanini,Enzo Cocca,,,,Standalone software,,Schemas and ontologies,,,,,,
3D-survey-collection,Blender addon that simplifies the tasks involved in the management and optimization of the archaeological and architectonic 3D record.,https://github.com/zalmoxes-laran/3D-survey-collection,,,,,,,,,,,,,,zalmoxes-laran,,,,,,Packages and libraries,Blender,3D modelling,,,,,,
EM-blender-tools,Addon that brings the formal language Extended Matrix within the Blender 3D open-source software.,https://github.com/zalmoxes-laran/EM-blender-tools,,,,,,,,,,,,,,zalmoxes-laran,,,,,,Packages and libraries,Blender,3D modelling,,,,,,
digging.digital.data,Various legacy archaeology datasets for use as practical pedagogical case studies.,https://github.com/chrinne/digging.digital.data,,,,,,,,,,,,,,chrinne,,,,,,Lists and datasets,,Educational resources and practical guides,Datasets,,,,,
tutorial-autocad2018,AutoCAD tutotial for archaeologists.,https://github.com/chrinne/tutorial-autocad2018,,,,,,,,,,,,,,chrinne,,,,,,Guides,,Educational resources and practical guides,3D modelling,,,,,
CoccionCeramica,An application to generate temperature curves during pottery firing.,https://github.com/marcelocardillo/CoccionCeramica,,,,,,,,,,,,,,marcelocardillo,,,,,,Packages and libraries,Python,Ceramic analysis,,,,,,
archaeology-machine-learning,Machine learning techniques for archaeology.,https://github.com/lakillo/archaeology-machine-learning,,,,,,,,,,,,,,lakillo,,,,,,Lists and datasets,,Lists,Machine learning,,,,,
rockart-textanalysis,A text analysis program to explore online content about prehistoric rock art.,https://github.com/lakillo/rockart-textanalysis,,,,,,,,,,,,,,lakillo,,,,,,Packages and libraries,Python,Public archaeology,Machine learning,,,,,
WeedEco,Classification of unknown cases (e.g. archaeobotanical data or other modern weed survey data) using linear discriminant analysis to understand farming regimes.,https://github.com/WeedEco/WeedEco,,,,,,,,,,,,,,WeedEco,,,,,,Packages and libraries,R,Palaeobotany,,,,,,
CropPro,"Data organisation, classification and visualisation of archaeobotanical data to understand crop processing stage.",https://github.com/CropPro-package/CropPro,,,,,,,,,,,,,,CropPro-package,,,,,,Packages and libraries,R,Palaeobotany,Data management,,,,,
ruby-radiocarbon,Ruby gem for fast radiocarbon calibration.,https://github.com/joeroe/ruby-radiocarbon,,,,,,,,,,,,,,joeroe,,,,,,Packages and libraries,Ruby,"Radiocarbon dating, calibration and sequencing",,,,,,
dendroNetwork,Enables researchers to easily construct a network of dendrochronological series based on the similarity and find patterns of matching tree-ring material.,https://github.com/ropensci/dendroNetwork/,,,,,,,,https://cran.r-project.org/package=dendroNetwork,,,https://docs.ropensci.org/dendroNetwork/,,,ropensci,RonaldVisser,,,,,Packages and libraries,R,Dendrochronology,Chronological modelling,,,,,
ABMA_tutorials,A set of interactive tutorials to build agent-based models and how to use them in your work as archaeologist. These tutorials are both suitable for beginners and people who want to brush up their modelling skills.,https://github.com/ABMArchaeologists/ABMA_tutorials,,,,,,,,,,,https://abmarchaeologists.github.io/ABMA_website/,,,ABMArchaeologists,RonaldVisser,drocks13,,,,Standalone software,NetLogo,Educational resources and practical guides,Simulation,,,,"Need to add more author columns and revise the way these columns are parsed. Additional authors not currently represented include: Doug Rocks-Macqueen, Laura van der Knaap, Annemarie Jutte, , Ronald Visser, Jeroen Linssen, Tom Brughmans, Iza Romanowska, Kenneth Aitchison, Karsten Lambers.",
quantum-archeo,Set of quantitative tools for finding a common measurement unit (quantum) in archeological research.,https://github.com/maciejkasinski/quantum-archeo,,,,,,,,,,,,,,maciejkasinski,,,,,,Scripts,R,Statistical analysis,,,,,,
chrongler,"Provides convenience functions that are helpful for working with archaeological or historical data, where chronological information is stored as a period.",https://github.com/lsteinmann/chrongler,,,,,,,,,,,,,,lsteinmann,,,,,,Packages and libraries,R,Chronological modelling,Data management,,,,,
Dendro_R,Small repository that lists R packages used in dendrochronology or tree-ring research.,https://github.com/RonaldVisser/Dendro_R,,,,,,,,,,,https://ronaldvisser.github.io/Dendro_R/,,,RonaldVisser,,,,,,Lists and datasets,,Dendrochronology,Lists,,,,,
ARQUB,Scripts at the ARQUB group to work with compositional data on archaeometric studies.,https://github.com/jbuxeda/ARQUB,,,,,,,,,,,,,,jbuxeda,,,,,,Scripts,R,Statistical analysis,,,,,,
mafa,"Computes morphological indices of spatial entities (e.g. parcels, buildings).",https://github.com/JGravier/mafa,,,,,,,,,,,https://jgravier.github.io/mafa/,,,JGravier,,,,,,Packages and libraries,R,Spatial analysis,,,,,,
kart4arch,Tutorial to drive step by step any practitioner interested in learning how to use Kart.,https://github.com/UnitoAssyrianGovernance/kart4arch,,,,,,,,,,,https://unitoassyriangovernance.github.io/kart4arch/,,,UnitoAssyrianGovernance,andreatitolo,apalmisano82,,,,Guides,,Data management,Educational resources and practical guides,,,,,
SiteSyncro,Site-specific chronological modeling and synchronization.,https://github.com/demjanp/SiteSyncro,,,,,,,,,,,https://sitesyncro.readthedocs.io/en/latest/,https://doi.org/10.1017/RDC.2020.129,,demjanp,,,,,,Packages and libraries,Python,Chronological modelling,"Radiocarbon dating, calibration and sequencing",,,,,
baorista,Provides a Bayesian inferential tool for analysing time-frequencies of archaeological events associated with time spans typically obtained from relative chronological sequences (e.g. periods and phases).,https://github.com/ercrema/baorista,,,,,,,,,,,,https://doi.org/10.1111/arcm.12984,,ercrema,,,,,,Packages and libraries,R,Chronological modelling,Data management,,,,,
crom,Python library to make creation of CIDOC CRM easier by mapping classes/predicates to python objects.,https://github.com/thegetty/crom,,,,,,,,,,,,,,thegetty,,,,,,Packages and libraries,Python,Schemas and ontologies,,,,,,
carbondate,R package to analyse multiple radiocarbon determinations.,https://github.com/TJHeaton/carbondate,,,,,,,,https://cran.r-project.org/package=carbondate,,,https://tjheaton.github.io/carbondate/,https://doi.org/10.1111/rssc.12599,,TJHeaton,sara-amira-alassam,,,,,Packages and libraries,R,"Radiocarbon dating, calibration and sequencing",,,,,,
RJradiocarbon,Radiocarbon calibration of multiple 14C samples using reversible jump poisson process.,https://github.com/sara-amira-alassam/RJradiocarbon,,,,,,,,,,,,,,sara-amira-alassam,,,,,,Packages and libraries,R,"Radiocarbon dating, calibration and sequencing",,,,,,
Mycenaean Atlas Project ,The purpose of the Mycenaean Atlas is to furnish accurate lat/lon pairs for Bronze Age sites in the central and eastern Mediterranean.,,,,,,,,,,,,http://helladic.info/,,,Robert Consoli,,,,,,Lists and datasets,,Lists,,,,,,
Curso_Intro_R_Arqueologia,Introductory course to R for archaeologists (Spanish).,https://github.com/Mcotsar/Curso_Intro_R_Arqueologia,,,,,,,,,,,,,,Mcotsar,,,,,,Guides,,Educational resources and practical guides,,,,,,
neonet,NeoNet serves as a framework to study the transition from the Late Mesolithic to the Early Neolithic through spatio-temporal modeling of radiocarbon dates,https://github.com/zoometh/neonet,,,,,,,,,,,,,,zoometh,,,,,,Packages and libraries,R,"Radiocarbon dating, calibration and sequencing",,,,,,
c14Intervals,R package for calculating probability intervals and point estimates for calibrated radiocarbon dates.,https://github.com/jallison7/c14Intervals,,,,,,,,,,,,,,jallison7,,,,,,Packages and libraries,R,"Radiocarbon dating, calibration and sequencing",,,,,,
SurveyeR,Uses a Dirichlet process to probabilistically assess the phase of undated archaeological assemblages.,https://github.com/acortell3/SurveyeR,,,,,,,,,,,,,,acortell3,,,,,,Packages and libraries,R,Seriation,,,,,,
cran-JSDNE,JSDNE is an age estimation methods with 3D reconstructed auricular surface.,https://github.com/jisunjang19/cran-JSDNE,,,,,,,,https://cran.r-project.org/package=JSDNE,,,,https://doi.org/10.1016/j.jas.2024.106080,,jisunjang19,,,,,,Packages and libraries,R,Artefact morphology,,,,,,
eratosthenes,"Provides a coherent foundation for archaeological chronology-building by incorporating, computationally, all relevant sources of information on uncertain archaeological or historical dates.",https://github.com/scollinselliott/eratosthenes,,,,,,,,,,,,,,scollinselliott,,,,,,Packages and libraries,R,Chronological modelling,,,,,,
lakhesis,"Provides an interactive platform and critical measures for seriating binary data matrices through the exploration, selection, and consensus of partially seriated sequences.",https://github.com/scollinselliott/lakhesis,,,,,,,,https://cran.r-project.org/package=lakhesis,,,,,,scollinselliott,,,,,,Packages and libraries,R,Statistical analysis,,,,,,
ArchaeoMag,Program for the modelling of magnetic anomalies in archaeological research.,https://github.com/antonio-schettino/ArchaeoMag,,,,,,,,,,,,https://doi.org/10.4430/bgta0296,,antonio-schettino,,,,,,Standalone software,,Geophysical survey,,,,,,
MoDuLAAR,"comprehensive toolkit designed to model and analyze racemization processes in amino acids. This project integrates data processing, dehydration analysis, racemization simulation, parameter optimization, and result visualization to provide a robust framework for studying amino acid kinetics.",https://github.com/Palaeoprot/ModulAAR,,,,,,,,,,,https://www.palaeome.org/get-involved/software/modulaar,,,Palaeoprot,,,,,,Packages and libraries,Python,Palaeoproteomics,,,,,,
